,Date,Close,Volume,MA20,MA50,Signal,Cross,GoldenCross,DeathCross
5923,2022-08-05,18.961650848388672,386068000,17.19314980506897,16.98110113143921,1,,,
5924,2022-08-08,17.767372131347656,981859000,17.32500958442688,16.99750925064087,1,0.0,,
5925,2022-08-09,17.06138801574707,668263000,17.42506523132324,16.98230661392212,1,0.0,,
5926,2022-08-10,18.07093811035156,597422000,17.571504211425783,16.96812665939331,1,0.0,,
5927,2022-08-11,17.916154861450195,509327000,17.69981904029846,16.953626461029053,1,0.0,,
5928,2022-08-12,18.68205451965332,478094000,17.84695692062378,16.96147268295288,1,0.0,,
5929,2022-08-15,19.00458526611328,457666000,17.993295669555664,16.95037149429321,1,0.0,,
5930,2022-08-16,18.851806640625,451240000,18.087509441375733,16.953625926971437,1,0.0,,
5931,2022-08-17,18.308591842651367,446799000,18.113871479034422,16.9446982383728,1,0.0,,
5932,2022-08-18,18.745960235595703,415447000,18.149969387054444,16.94172254562378,1,0.0,,
5933,2022-08-19,17.823293685913086,441588000,18.176431369781493,16.9257656288147,1,0.0,,
5934,2022-08-22,17.00946807861328,409593000,18.17693099975586,16.9055149269104,1,0.0,,
5935,2022-08-23,17.15625,369986000,18.209284210205077,16.909648876190186,1,0.0,,
5936,2022-08-24,17.19719696044922,522661000,18.180925273895262,16.941103553771974,1,0.0,,
5937,2022-08-25,17.887195587158203,770691000,18.177380275726318,16.982583656311036,1,0.0,,
5938,2022-08-26,16.236581802368164,769127000,18.082367420196533,16.97725143432617,1,0.0,,
5939,2022-08-29,15.778240203857422,496132000,17.9505576133728,16.981245670318604,1,0.0,,
5940,2022-08-30,15.445719718933104,530181000,17.797877836227418,16.97301752090454,1,0.0,,
5941,2022-08-31,15.072259902954102,573710000,17.60820155143738,16.943619937896727,1,0.0,,
5942,2022-09-01,13.916925430297852,1178865000,17.344681692123412,16.895229778289796,1,0.0,,
5943,2022-09-02,13.627345085144045,743157000,17.07796640396118,16.843744049072267,1,0.0,,
5944,2022-09-06,13.445606231689451,535751000,16.86187810897827,16.770629501342775,1,0.0,,
5945,2022-09-07,13.69831657409668,512657000,16.69372453689575,16.707701759338377,0,-1.0,,16.69372453689575
5946,2022-09-08,13.973999977111816,624873000,16.488877630233766,16.66800214767456,0,0.0,,
5947,2022-09-09,14.370546340942385,486612000,16.311597204208375,16.645020809173584,0,0.0,,
5948,2022-09-12,14.488411903381348,484159000,16.101915073394775,16.63204574584961,0,0.0,,
5949,2022-09-13,13.11598300933838,714956000,15.80748496055603,16.60432378768921,0,0.0,,
5950,2022-09-14,13.112985610961914,588507000,15.520543909072876,16.567734565734863,0,0.0,,
5951,2022-09-15,12.914213180541992,523625000,15.250824975967408,16.523854694366456,0,0.0,,
5952,2022-09-16,13.182906150817873,670751000,14.972672271728516,16.470809631347656,0,0.0,,
5953,2022-09-19,13.366695404052734,569685000,14.749842357635497,16.42183977127075,0,0.0,,
5954,2022-09-20,13.160931587219238,524818000,14.557415533065797,16.382454872131348,0,0.0,,
5955,2022-09-21,13.245832443237305,807679000,14.361894655227662,16.346166019439696,0,0.0,,
5956,2022-09-22,12.546634674072266,759162000,14.129366540908814,16.294255542755128,0,0.0,,
5957,2022-09-23,12.501686096191406,663309000,13.860091066360473,16.237292098999024,0,0.0,,
5958,2022-09-26,12.214015007019045,547343000,13.658962726593018,16.166786460876466,0,0.0,,
5959,2022-09-27,12.398802757263184,553854000,13.489990854263306,16.093206310272215,0,0.0,,
5960,2022-09-28,12.721434593200684,542414000,13.353776597976685,16.00828437805176,0,0.0,,
5961,2022-09-29,12.206026077270508,532763000,13.210464906692504,15.896777877807617,0,0.0,,
5962,2022-09-30,12.12511920928955,565638000,13.12087459564209,15.778800220489503,0,0.0,,
5963,2022-10-03,12.497690200805664,547478000,13.064391851425171,15.682872943878174,0,0.0,,
5964,2022-10-04,13.15194034576416,584182000,13.049708557128906,15.605922241210937,0,0.0,,
5965,2022-10-05,13.193892478942873,507131000,13.024487352371215,15.539616374969482,0,0.0,,
5966,2022-10-06,13.114984512329102,644157000,12.98153657913208,15.446628551483155,0,0.0,,
5967,2022-10-07,12.062191009521484,672478000,12.866118812561036,15.328710460662842,0,0.0,,
5968,2022-10-10,11.656654357910156,698699000,12.724530935287476,15.199106769561768,0,0.0,,
5969,2022-10-11,11.572750091552734,667482000,12.647369289398194,15.062273044586181,0,0.0,,
5970,2022-10-12,11.48684787750244,492590000,12.566062402725219,14.922023696899414,0,0.0,,
5971,2022-10-13,11.946321487426758,850103000,12.517667818069459,14.783634414672852,0,0.0,,
5972,2022-10-14,11.214159965515137,713432000,12.419230508804322,14.624171161651612,0,0.0,,
5973,2022-10-17,11.87440299987793,580774000,12.34461588859558,14.482426204681396,0,0.0,,
5974,2022-10-18,11.953313827514648,659362000,12.284235000610352,14.366145038604737,0,0.0,,
5975,2022-10-19,12.037217140197754,523131000,12.223804235458374,14.26566162109375,0,0.0,,
5976,2022-10-20,12.180054664611816,652398000,12.205475234985352,14.147843952178954,0,0.0,,
5977,2022-10-21,12.451743125915527,609494000,12.202978086471557,14.038555717468261,0,0.0,,
5978,2022-10-24,12.584590911865234,517457000,12.221506881713868,13.9166064453125,0,0.0,,
5979,2022-10-25,13.245832443237305,505482000,12.263858366012574,13.801431388854981,0,0.0,,
5980,2022-10-26,12.881250381469728,532953000,12.271849155426025,13.682020263671875,0,0.0,,
5981,2022-10-27,13.160931587219238,583113000,12.319594430923463,13.579067058563233,0,0.0,,
5982,2022-10-28,13.818178176879885,521040000,12.404247379302978,13.480511417388916,0,0.0,,
5983,2022-10-31,13.481563568115234,486341000,12.453441047668457,13.39367681503296,0,0.0,,
5984,2022-11-01,13.527511596679688,432817000,12.472219610214234,13.324037685394288,0,0.0,,
5985,2022-11-02,13.20388126373291,672628000,12.472719049453735,13.244990310668946,0,0.0,,
5986,2022-11-03,13.405652046203612,500065000,12.48725242614746,13.169159412384033,0,0.0,,
5987,2022-11-04,14.139808654785156,612576000,12.591133308410644,13.094211673736572,0,0.0,,
5988,2022-11-07,14.284643173217772,410061000,12.722532749176025,13.055172901153565,0,0.0,,
5989,2022-11-08,14.585302352905272,595292000,12.873160362243652,13.031314144134521,0,0.0,,
5990,2022-11-09,13.760245323181152,454414000,12.986830234527588,12.997604656219483,0,0.0,,
5991,2022-11-10,15.73198699951172,700819000,13.176113510131836,13.010799198150634,1,1.0,13.176113510131836,
5992,2022-11-11,16.308326721191406,655487000,13.430821847915649,13.058627223968506,1,0.0,,
5993,2022-11-14,16.276363372802734,527852000,13.650919866561889,13.111607589721679,1,0.0,,
5994,2022-11-15,16.646940231323242,545876000,13.88560118675232,13.175634269714356,1,0.0,,
5995,2022-11-16,15.891804695129396,649547000,14.078330564498902,13.21950403213501,1,0.0,,
5996,2022-11-17,15.659071922302246,710894000,14.252281427383423,13.253205471038818,1,0.0,,
5997,2022-11-18,15.391376495361328,492072000,14.399263095855712,13.273622074127196,1,0.0,,
5998,2022-11-21,15.299482345581056,404739000,14.535007667541503,13.289843482971191,1,0.0,,
5999,2022-11-22,16.019657135009766,472866000,14.673698902130127,13.34791696548462,1,0.0,,
6000,2022-11-23,16.500106811523438,427241000,14.854641723632813,13.41565938949585,1,0.0,,
6001,2022-11-25,16.25139045715332,167934000,15.009164667129516,13.482402935028077,1,0.0,,
6002,2022-11-28,15.80889892578125,303741000,15.108700704574584,13.534922790527343,1,0.0,,
6003,2022-11-29,15.621112823486328,298384000,15.215678167343139,13.580011138916015,1,0.0,,
6004,2022-11-30,16.907968521118164,565298000,15.384701013565063,13.654951877593994,1,0.0,,
6005,2022-12-01,17.119781494140625,470977000,15.580496025085449,13.73243085861206,1,0.0,,
6006,2022-12-02,16.861011505126953,371389000,15.753263998031617,13.818718395233155,1,0.0,,
6007,2022-12-05,16.595251083374023,352255000,15.876036119461059,13.900589694976807,1,0.0,,
6008,2022-12-06,15.972800254821776,352694000,15.96044397354126,13.975765399932861,1,0.0,,
6009,2022-12-07,16.105684280395508,372388000,16.036463069915772,14.049903030395507,1,0.0,,
6010,2022-12-08,17.15375328063965,515456000,16.206138467788698,14.138549404144287,1,0.0,,
6011,2022-12-09,16.985898971557617,465338000,16.26883406639099,14.234146862030029,1,0.0,,
6012,2022-12-12,17.519426345825195,457328000,16.32938904762268,14.342033004760742,1,0.0,,
6013,2022-12-13,18.055952072143555,656589000,16.41836848258972,14.4531982421875,1,0.0,,
6014,2022-12-14,17.65830421447754,496888000,16.468936681747437,14.543325519561767,1,0.0,,
6015,2022-12-15,16.93694305419922,478542000,16.52119359970093,14.618186531066895,1,0.0,,
6016,2022-12-16,16.55628204345703,478232000,16.566054105758667,14.687012481689454,1,0.0,,
6017,2022-12-19,16.239564895629883,354039000,16.608463525772095,14.77055995941162,1,0.0,,
6018,2022-12-20,16.07071304321289,403260000,16.647025060653686,14.858841133117675,1,0.0,,
6019,2022-12-21,16.48634147644043,325025000,16.67035927772522,14.95711296081543,1,0.0,,
6020,2022-12-22,15.325377464294434,565045000,16.61162281036377,15.03388355255127,1,0.0,,
6021,2022-12-23,15.192496299743652,349326000,16.558678102493285,15.098807048797607,1,0.0,,
6022,2022-12-27,14.10845947265625,464902000,16.473656129837035,15.15669303894043,1,0.0,,
6023,2022-12-28,14.023534774780272,351066000,16.393777227401735,15.199675674438476,1,0.0,,
6024,2022-12-29,14.5900297164917,354923000,16.27788028717041,15.252409992218018,1,0.0,,
6025,2022-12-30,14.601021766662598,310490000,16.15194230079651,15.303686084747314,1,0.0,,
6026,2023-01-03,14.302286148071287,401277000,16.024006032943724,15.346130714416503,1,0.0,,
6027,2023-01-04,14.735901832580566,431324000,15.931038570404052,15.391813888549805,1,0.0,,
6028,2023-01-05,14.252331733703612,389168000,15.845015144348144,15.425168704986572,1,0.0,,
6029,2023-01-06,14.84580421447754,405044000,15.782021141052246,15.457168140411376,1,0.0,,
6030,2023-01-09,15.61411952972412,504231000,15.705039453506469,15.511825523376466,1,0.0,,
6031,2023-01-10,15.89487075805664,384101000,15.650488042831421,15.566504306793213,1,0.0,,
6032,2023-01-11,15.98678970336914,353285000,15.573856210708618,15.609876537322998,0,-1.0,,15.573856210708618
6033,2023-01-12,16.496334075927734,551409000,15.495875310897826,15.670171947479249,0,0.0,,
6034,2023-01-13,16.88399314880371,447287000,15.457159757614136,15.737301578521729,0,0.0,,
6035,2023-01-17,17.686279296875,511102000,15.494626569747926,15.82694953918457,0,0.0,,
6036,2023-01-18,17.361568450927734,439624000,15.53489089012146,15.906067867279052,0,0.0,,
6037,2023-01-19,16.750110626220703,452932000,15.560418176651002,15.958273906707763,0,0.0,,
6038,2023-01-20,17.823158264160156,564967000,15.648040437698365,16.02904420852661,0,0.0,,
6039,2023-01-23,19.175954818725582,655163000,15.782521104812622,16.120857257843017,0,0.0,,
6040,2023-01-24,19.24788856506348,496204000,15.978646659851075,16.230610122680662,0,0.0,,
6041,2023-01-25,19.305837631225582,449537000,16.18431372642517,16.30208713531494,0,0.0,,
6042,2023-01-26,19.784412384033203,489535000,16.46811137199402,16.37160884857178,1,1.0,16.46811137199402,
6043,2023-01-27,20.34691429138184,542142000,16.784280347824097,16.45301986694336,1,0.0,,
6044,2023-01-30,19.14498519897461,488611000,17.01202812194824,16.502980766296385,1,0.0,,
6045,2023-01-31,19.5196475982666,498017000,17.257959413528443,16.575537624359132,1,0.0,,
6046,2023-02-01,20.924400329589844,660477000,17.58906512260437,16.680844192504882,1,0.0,,
6047,2023-02-02,21.689720153808597,564276000,17.93675603866577,16.806811065673827,1,0.0,,
6048,2023-02-03,21.08125877380371,429366000,18.278202390670778,16.92244659423828,1,0.0,,
6049,2023-02-06,21.07027244567871,452197000,18.589425802230835,17.02345890045166,1,0.0,,
6050,2023-02-07,22.153308868408203,664150000,18.91638526916504,17.136522941589355,1,0.0,,
6051,2023-02-08,22.185277938842773,559651000,19.230905628204347,17.255200691223145,1,0.0,,
6052,2023-02-09,22.31715965270996,523876000,19.547424125671387,17.38536590576172,1,0.0,,
6053,2023-02-10,21.24611091613769,550737000,19.784912967681883,17.497865867614745,1,0.0,,
6054,2023-02-13,21.76865005493164,474919000,20.029145812988283,17.595079498291014,1,0.0,,
6055,2023-02-14,22.95059967041016,675474000,20.29236183166504,17.711695861816406,1,0.0,,
6056,2023-02-15,22.743785858154297,420575000,20.561472702026368,17.829351348876955,1,0.0,,
6057,2023-02-16,21.98246192932129,412026000,20.823090267181396,17.9370955657959,1,0.0,,
6058,2023-02-17,21.369001388549805,465888000,21.00038242340088,18.04501958847046,1,0.0,,
6059,2023-02-21,20.63665771484375,410015000,21.073417568206786,18.135639057159423,1,0.0,,
6060,2023-02-22,20.735567092895508,513184000,21.14780149459839,18.207275333404542,1,0.0,,
6061,2023-02-23,23.64298248291016,1117995000,21.364658737182616,18.340417003631593,1,0.0,,
6062,2023-02-24,23.26531791687012,589716000,21.538704013824464,18.45533483505249,1,0.0,,
6063,2023-02-27,23.48012924194336,452994000,21.69536476135254,18.563818378448488,1,0.0,,
6064,2023-02-28,23.19538116455078,455963000,21.897884559631347,18.67455991744995,1,0.0,,
6065,2023-03-01,22.67784118652344,460026000,22.05579423904419,18.789377880096435,1,0.0,,
6066,2023-03-02,23.293292999267575,389415000,22.174238872528075,18.924118099212645,1,0.0,,
6067,2023-03-03,23.86878204345703,412393000,22.2831919670105,19.07670244216919,1,0.0,,
6068,2023-03-06,23.5330810546875,437429000,22.405783081054686,19.22594980239868,1,0.0,,
6069,2023-03-07,23.271270751953125,515154000,22.51583299636841,19.361648387908936,1,0.0,,
6070,2023-03-08,24.16362953186035,513573000,22.616349029541016,19.538413429260252,1,0.0,,
6071,2023-03-09,23.419164657592773,501257000,22.678043365478516,19.702946796417237,1,0.0,,
6072,2023-03-10,22.94849967956543,474866000,22.709610366821288,19.87974760055542,1,0.0,,
6073,2023-03-13,22.949499130249023,421890000,22.794779777526855,20.058266887664796,1,0.0,,
6074,2023-03-14,24.045711517333984,474910000,22.908632850646974,20.24738052368164,1,0.0,,
6075,2023-03-15,24.210594177246094,524486000,22.97163257598877,20.43957197189331,1,0.0,,
6076,2023-03-16,25.52265167236328,583253000,23.110575866699218,20.66397928237915,1,0.0,,
6077,2023-03-17,25.706518173217773,848547000,23.296778678894043,20.883391609191893,1,0.0,,
6078,2023-03-20,25.881393432617188,432747000,23.522398281097413,21.115972843170166,1,0.0,,
6079,2023-03-21,26.180177688598636,547408000,23.799574279785155,21.342660312652587,1,0.0,,
6080,2023-03-22,26.44898223876953,797295000,24.085245037078856,21.559357566833498,1,0.0,,
6081,2023-03-23,27.171466827392575,564889000,24.26166925430298,21.784889488220216,1,0.0,,
6082,2023-03-24,26.759763717651367,454920000,24.43639154434204,22.00034896850586,1,0.0,,
6083,2023-03-27,26.511940002441406,361026000,24.587982082366942,22.20066108703613,1,0.0,,
6084,2023-03-28,26.391027450561523,356104000,24.74776439666748,22.39080177307129,1,0.0,,
6085,2023-03-29,26.96461296081543,393694000,24.96210298538208,22.5763684463501,1,0.0,,
6086,2023-03-30,27.363327026367188,364516000,25.165604686737062,22.776403617858886,1,0.0,,
6087,2023-03-31,27.75704574584961,433933000,25.36001787185669,22.996542320251464,1,0.0,,
6088,2023-04-03,27.944908142089844,398716000,25.580609226226805,23.19897731781006,1,0.0,,
6089,2023-04-04,27.433277130126957,368592000,25.788709545135497,23.364123764038087,1,0.0,,
6090,2023-04-05,26.8616886138916,515015000,25.92361249923706,23.516399765014647,1,0.0,,
6091,2023-04-06,27.017580032348636,397654000,26.103533267974854,23.67063461303711,1,0.0,,
6092,2023-04-10,27.55918502807617,395279000,26.33406753540039,23.82613006591797,1,0.0,,
6093,2023-04-11,27.14948272705078,314378000,26.54406671524048,23.962181434631347,1,0.0,,
6094,2023-04-12,26.47596549987793,446259000,26.665579414367677,24.108801040649414,1,0.0,,
6095,2023-04-13,26.443988800048828,353615000,26.777249145507813,24.24728786468506,1,0.0,,
6096,2023-04-14,26.73877716064453,395660000,26.838055419921876,24.363575401306154,1,0.0,,
6097,2023-04-17,26.982601165771484,321471000,26.90185956954956,24.46943302154541,1,0.0,,
6098,2023-04-18,27.647125244140625,604812000,26.990146160125732,24.600750350952147,1,0.0,,
6099,2023-04-19,27.910934448242188,358660000,27.07668399810791,24.73756359100342,1,0.0,,
6100,2023-04-20,27.084529876708984,427713000,27.108461380004883,24.836188011169433,1,0.0,,
6101,2023-04-21,27.09951400756836,345103000,27.104863739013673,24.934472732543945,1,0.0,,
6102,2023-04-24,27.022573471069336,339282000,27.11800422668457,25.028581008911132,1,0.0,,
6103,2023-04-25,26.222145080566406,378527000,27.10351448059082,25.128101692199706,1,0.0,,
6104,2023-04-26,26.93663024902344,406337000,27.130794620513917,25.231461296081545,1,0.0,,
6105,2023-04-27,27.206439971923828,377161000,27.142885971069337,25.316578102111816,1,0.0,,
6106,2023-04-28,27.72906494140625,292216000,27.16117286682129,25.416283683776854,1,0.0,,
6107,2023-05-01,28.88922882080078,570329000,27.217782020568848,25.554419021606446,1,0.0,,
6108,2023-05-02,28.189733505249023,402730000,27.230023288726805,25.69083366394043,1,0.0,,
6109,2023-05-03,27.782028198242188,383387000,27.24746084213257,25.833741073608397,1,0.0,,
6110,2023-05-04,27.542200088500977,321850000,27.281486415863036,25.969873733520508,1,0.0,,
6111,2023-05-05,28.659395217895508,361494000,27.36357717514038,26.070201988220216,1,0.0,,
6112,2023-05-08,29.130054473876957,344979000,27.44212064743042,26.18749671936035,1,0.0,,
6113,2023-05-09,28.550472259521484,314869000,27.512170124053956,26.288903579711913,1,0.0,,
6114,2023-05-10,28.86425018310547,369350000,27.63158435821533,26.402280960083008,1,0.0,,
6115,2023-05-11,28.55746841430664,322149000,27.73725833892822,26.51987350463867,1,0.0,,
6116,2023-05-12,28.319639205932617,274222000,27.81630144119263,26.620400428771973,1,0.0,,
6117,2023-05-15,28.93219566345215,293926000,27.91378116607666,26.721668701171875,1,0.0,,
6118,2023-05-16,29.1920108795166,449405000,27.99102544784546,26.834847297668457,1,0.0,,
6119,2023-05-17,30.15632057189941,432535000,28.10329475402832,26.972548294067384,1,0.0,,
6120,2023-05-18,31.65523910522461,748725000,28.3318302154541,27.122380485534666,1,0.0,,
6121,2023-05-19,31.241539001464844,473908000,28.538931465148927,27.27882797241211,1,0.0,,
6122,2023-05-22,31.15360450744629,372000000,28.745483016967775,27.442930068969726,1,0.0,,
6123,2023-05-23,30.66595268249512,356253000,28.96767339706421,27.59725914001465,1,0.0,,
6124,2023-05-24,30.51605796813965,721419000,29.14664478302002,27.726666069030763,1,0.0,,
6125,2023-05-25,37.95271301269531,1543911000,29.683958435058592,28.001508445739745,1,0.0,,
6126,2023-05-26,38.91801834106445,714397000,30.243406105041505,28.26941577911377,1,0.0,,
6127,2023-05-30,40.08218383789063,923401000,30.803053855895996,28.556929092407227,1,0.0,,
6128,2023-05-31,37.80681610107422,1002580000,31.283907985687257,28.795437545776366,1,0.0,,
6129,2023-06-01,39.74142837524414,635873000,31.881877994537355,29.06666255950928,1,0.0,,
6130,2023-06-02,39.29874420166016,482731000,32.469705200195314,29.32365779876709,1,0.0,,
6131,2023-06-05,39.142860412597656,396094000,32.99387845993042,29.563085670471192,1,0.0,,
6132,2023-06-06,38.6262321472168,388729000,33.46868734359741,29.8004150390625,1,0.0,,
6133,2023-06-07,37.45194625854492,511998000,33.91376104354858,30.01921516418457,1,0.0,,
6134,2023-06-08,38.4863166809082,417772000,34.39486436843872,30.261120948791504,1,0.0,,
6135,2023-06-09,38.74615859985352,427717000,34.904298877716066,30.496751861572264,1,0.0,,
6136,2023-06-12,39.45772171020508,388701000,35.461203002929686,30.738639755249025,1,0.0,,
6137,2023-06-13,40.99677276611328,613208000,36.06443185806275,31.003434295654298,1,0.0,,
6138,2023-06-14,42.97056198120117,740465000,36.753359413146974,31.303947372436525,1,0.0,,
6139,2023-06-15,42.62677001953125,568622000,37.37688188552856,31.607817230224608,1,0.0,,
6140,2023-06-16,42.66574096679688,655709000,37.92740697860718,31.923898277282714,1,0.0,,
6141,2023-06-20,43.78105545043945,451153000,38.55438280105591,32.25916778564453,1,0.0,,
6142,2023-06-21,43.01852798461914,551603000,39.147628974914554,32.56835464477539,1,0.0,,
6143,2023-06-22,42.99853897094727,417737000,39.76425828933716,32.885335769653324,1,0.0,,
6144,2023-06-23,42.18304061889648,358140000,40.347607421875,33.19947727203369,1,0.0,,
6145,2023-06-26,40.60701370239258,594322000,40.480322456359865,33.48273777008057,1,0.0,,
6146,2023-06-27,41.850242614746094,462175000,40.62693367004395,33.7849670791626,1,0.0,,
6147,2023-06-28,41.09171295166016,582639000,40.67741012573242,34.06714931488037,1,0.0,,
6148,2023-06-29,40.79689025878906,380514000,40.826913833618164,34.33014461517334,1,0.0,,
6149,2023-06-30,42.27598190307617,501148000,40.95364151000977,34.61744556427002,1,0.0,,
6150,2023-07-03,42.38691329956055,198209000,41.10804996490479,34.923493232727054,1,0.0,,
6151,2023-07-05,42.29097366333008,323618000,41.265455627441405,35.22732242584229,1,0.0,,
6152,2023-07-06,42.077110290527344,303582000,41.43799953460693,35.528413162231445,1,0.0,,
6153,2023-07-07,42.47685623168945,355881000,41.68924503326416,35.853507385253906,1,0.0,,
6154,2023-07-10,42.1540641784668,353908000,41.87263240814209,36.15785606384277,1,0.0,,
6155,2023-07-11,42.3789176940918,298244000,42.054270362854005,36.46130561828613,1,0.0,,
6156,2023-07-12,43.874996185302734,481277000,42.27513408660889,36.78422424316406,1,0.0,,
6157,2023-07-13,45.9487190246582,478204000,42.522731399536134,37.12541404724121,1,0.0,,
6158,2023-07-14,45.441036224365234,772075000,42.64625511169434,37.47044010162354,1,0.0,,
6159,2023-07-17,46.43242645263672,510488000,42.83653793334961,37.843448066711424,1,0.0,,
6160,2023-07-18,47.46478271484375,569164000,43.076490020751955,38.24189971923828,1,0.0,,
6161,2023-07-19,47.04804611206055,427502000,43.23983955383301,38.609672737121585,1,0.0,,
6162,2023-07-20,45.49200820922852,537865000,43.363513565063485,38.936911811828615,1,0.0,,
6163,2023-07-21,44.28174591064453,963769000,43.42767391204834,39.251537284851075,1,0.0,,
6164,2023-07-24,44.584564208984375,382516000,43.54775009155274,39.565943565368656,1,0.0,,
6165,2023-07-25,45.650909423828125,348081000,43.79994487762452,39.90781238555908,1,0.0,,
6166,2023-07-26,45.42404174804688,364237000,43.97863483428956,40.24990043640137,1,0.0,,
6167,2023-07-27,45.87177276611328,455976000,44.217637825012204,40.58869197845459,1,0.0,,
6168,2023-07-28,46.72124862670898,331194000,44.5138557434082,40.93927673339844,1,0.0,,
6169,2023-07-31,46.70026397705078,251055000,44.735069847106935,41.270155601501465,1,0.0,,
6170,2023-08-01,46.478397369384766,237858000,44.93964405059815,41.56661876678467,1,0.0,,
6171,2023-08-02,44.24177551269531,530142000,45.037184143066405,41.82662349700928,1,0.0,,
6172,2023-08-03,44.48762130737305,324176000,45.15770969390869,42.09330383300781,1,0.0,,
6173,2023-08-04,44.65251922607422,362666000,45.26649284362793,42.37303516387939,1,0.0,,
6174,2023-08-07,45.389068603515625,322154000,45.42824306488037,42.67049537658691,1,0.0,,
6175,2023-08-08,44.636531829833984,353843000,45.54112377166748,42.80417175292969,1,0.0,,
6176,2023-08-09,42.52783203125,586449000,45.47376556396485,42.876368026733395,1,0.0,,
6177,2023-08-10,42.361934661865234,492705000,45.294426345825194,42.92196304321289,1,0.0,,
6178,2023-08-11,40.82986831665039,533085000,45.06386795043945,42.982424087524414,1,0.0,,
6179,2023-08-14,43.72608947753906,690286000,44.92855110168457,43.06211730957031,1,0.0,,
6180,2023-08-15,43.91297149658203,676512000,44.75096054077149,43.15440185546875,1,0.0,,
6181,2023-08-16,43.459259033203125,527451000,44.57152118682861,43.24072982788086,1,0.0,,
6182,2023-08-17,43.31734085083008,452395000,44.462787818908694,43.33455200195313,1,0.0,,
6183,2023-08-18,43.272369384765625,583768000,44.41231899261474,43.45096046447754,1,0.0,,
6184,2023-08-21,46.938114166259766,692573000,44.52999649047852,43.61999641418457,1,0.0,,
6185,2023-08-22,45.63990783691406,755293000,44.52944641113281,43.75787139892578,1,0.0,,
6186,2023-08-23,47.08702850341797,779046000,44.61259574890137,43.91045753479004,1,0.0,,
6187,2023-08-24,47.13399124145508,1156044000,44.675706672668454,44.033201904296874,1,0.0,,
6188,2023-08-25,45.98969650268555,925341000,44.639129066467284,44.093584594726565,1,0.0,,
6189,2023-08-28,46.80619430541992,685192000,44.644425582885745,44.177173080444334,1,0.0,,
6190,2023-08-29,48.753997802734375,701397000,44.758205604553225,44.298938217163084,1,0.0,,
6191,2023-08-30,49.23370361328125,735206000,45.00780200958252,44.40799118041992,1,0.0,,
6192,2023-08-31,49.32464599609375,528570000,45.24965324401855,44.534113540649415,1,0.0,,
6193,2023-09-01,48.47916793823242,463830000,45.440985679626465,44.643726119995115,1,0.0,,
6194,2023-09-05,48.51814270019531,382653000,45.59743938446045,44.77042816162109,1,0.0,,
6195,2023-09-06,47.03593444824219,468670000,45.71740951538086,44.899006576538085,1,0.0,,
6196,2023-09-07,46.21636962890625,433330000,45.90183639526367,44.98632911682129,1,0.0,,
6197,2023-09-08,45.54772567749024,473069000,46.061125946044925,45.07544937133789,1,0.0,,
6198,2023-09-11,45.153934478759766,473966000,46.27732925415039,45.16259025573731,1,0.0,,
6199,2023-09-12,44.846099853515625,349256000,46.33332977294922,45.2139926147461,1,0.0,,
6200,2023-09-13,45.46077346801758,398355000,46.410719871520996,45.27546981811523,1,0.0,,
6201,2023-09-14,45.55672836303711,370097000,46.51559333801269,45.34078491210938,1,0.0,,
6202,2023-09-15,43.87661361694336,506831000,46.54355697631836,45.3767749786377,1,0.0,,
6203,2023-09-18,43.94257736206055,500271000,46.577067375183105,45.40608940124512,1,0.0,,
6204,2023-09-19,43.4968147277832,373064000,46.405002403259275,45.43294441223144,1,0.0,,
6205,2023-09-20,42.21649932861328,367108000,46.23383197784424,45.429696044921876,1,0.0,,
6206,2023-09-21,40.99515151977539,450736000,45.92923812866211,45.37209915161133,1,0.0,,
6207,2023-09-22,41.58783721923828,479236000,45.65193042755127,45.28488151550293,1,0.0,,
6208,2023-09-25,42.19950866699219,419091000,45.4624210357666,45.220050964355465,1,0.0,,
6209,2023-09-26,41.88867568969727,402282000,45.21654510498047,45.12917594909668,1,0.0,,
6210,2023-09-27,42.44537734985352,444935000,44.90111408233643,45.02878784179688,0,-1.0,,44.90111408233643
6211,2023-09-28,43.06604766845703,424663000,44.59273128509521,44.949147872924804,0,0.0,,
6212,2023-09-29,43.47582244873047,397830000,44.30029010772705,44.90882415771485,0,0.0,,
6213,2023-10-02,44.758148193359375,433298000,44.1142391204834,44.91835220336914,0,0.0,,
6214,2023-10-03,43.49381637573242,470850000,43.863022804260254,44.8965372467041,0,0.0,,
6215,2023-10-04,44.01754760742188,361821000,43.71210346221924,44.863870010375976,0,0.0,,
6216,2023-10-05,44.6641960144043,393483000,43.63449478149414,44.84867309570313,0,0.0,,
6217,2023-10-06,45.73762512207031,434436000,43.64398975372315,44.84599014282227,0,0.0,,
6218,2023-10-09,45.24888229370117,409675000,43.64873714447022,44.81654281616211,0,0.0,,
6219,2023-10-10,45.77360153198242,368582000,43.695112228393555,44.79800956726074,0,0.0,,
6220,2023-10-11,46.78106689453125,378137000,43.76112689971924,44.80406295776367,0,0.0,,
6221,2023-10-12,46.91999435424805,481325000,43.82929019927978,44.857627334594724,0,0.0,,
6222,2023-10-13,45.4367790222168,474115000,43.907298469543456,44.8766104888916,0,0.0,,
6223,2023-10-16,46.07044982910156,375099000,44.01369209289551,44.90496910095215,0,0.0,,
6224,2023-10-17,43.91459274291992,812333000,44.03458099365234,44.87547958374024,0,0.0,,
6225,2023-10-18,42.17352294921875,627294000,44.03243217468262,44.82621940612793,0,0.0,,
6226,2023-10-19,42.07857894897461,501233000,44.08660354614258,44.81723434448242,0,0.0,,
6227,2023-10-20,41.36495590209961,477266000,44.075459480285645,44.797294769287106,0,0.0,,
6228,2023-10-23,42.952110290527344,478530000,44.1130895614624,44.839739608764646,0,0.0,,
6229,2023-10-24,43.63973617553711,401463000,44.200642585754395,44.83801254272461,0,0.0,,
6230,2023-10-25,41.75674057006836,398379000,44.16621074676514,44.794887924194335,0,0.0,,
6231,2023-10-26,40.30451965332031,541001000,44.0281343460083,44.73179313659668,0,0.0,,
6232,2023-10-27,40.47842788696289,416784000,43.878264617919925,44.675014877319335,0,0.0,,
6233,2023-10-30,41.13907241821289,388028000,43.697310829162596,44.63234893798828,0,0.0,,
6234,2023-10-31,40.758277893066406,517969000,43.560533905029295,44.50875221252441,0,0.0,,
6235,2023-11-01,42.30245971679688,437593000,43.474779510498045,44.44200325012207,0,0.0,,
6236,2023-11-02,43.48282241821289,409172000,43.415710830688475,44.36991912841797,0,0.0,,
6237,2023-11-03,44.98102569580078,424610000,43.377880859375,44.32685981750488,0,0.0,,
6238,2023-11-06,45.72662734985352,400733000,43.401768112182616,44.32159843444824,0,0.0,,
6239,2023-11-07,45.93052291870117,343165000,43.409614181518556,44.30408500671387,0,0.0,,
6240,2023-11-08,46.5491943359375,346719000,43.398020553588864,44.259988937377926,0,0.0,,
6241,2023-11-09,46.92499542236328,540496000,43.39827060699463,44.21381477355957,0,0.0,,
6242,2023-11-10,48.30924606323242,421245000,43.54189395904541,44.193506774902346,0,0.0,,
6243,2023-11-13,48.59409332275391,384136000,43.66807613372803,44.19580528259277,0,0.0,,
6244,2023-11-14,49.62954711914063,416954000,43.95382385253906,44.21803337097168,0,0.0,,
6245,2023-11-15,48.86195373535156,475497000,44.288245391845706,44.25455375671387,1,1.0,44.288245391845706,
6246,2023-11-16,49.45364761352539,339756000,44.656998825073245,44.31929931640625,1,0.0,,
6247,2023-11-17,49.27174377441406,325205000,45.052338218688966,44.39377967834473,1,0.0,,
6248,2023-11-20,50.38214874267578,414120000,45.42384014129639,44.49834396362305,1,0.0,,
6249,2023-11-21,49.91739273071289,565747000,45.73772296905518,44.599769821166994,1,0.0,,
6250,2023-11-22,48.69004821777344,899420000,46.08438835144043,44.66435531616211,1,0.0,,
6251,2023-11-24,47.75055313110352,294645000,46.45669002532959,44.70823181152344,1,0.0,,
6252,2023-11-27,48.21630096435547,395662000,46.84358367919922,44.79502555847168,1,0.0,,
6253,2023-11-28,47.79552459716797,401491000,47.17640628814697,44.87208450317383,1,0.0,,
6254,2023-11-29,48.11436080932617,382005000,47.54421043395996,44.96443542480469,1,0.0,,
6255,2023-11-30,46.74508666992188,526247000,47.76634178161621,45.05500717163086,1,0.0,,
6256,2023-12-01,46.74008560180664,369317000,47.9292049407959,45.16990585327149,1,0.0,,
6257,2023-12-04,45.48575592041016,437543000,47.954441452026366,45.24786422729492,1,0.0,,
6258,2023-12-05,46.545291900634766,371718000,47.99537467956543,45.33477989196777,1,0.0,,
6259,2023-12-06,45.482757568359375,380590000,47.97298641204834,45.40666152954102,1,0.0,,
6260,2023-12-07,46.57527160644531,350823000,47.97429027557373,45.48925941467285,1,0.0,,
6261,2023-12-08,47.48486709594727,359224000,48.00228385925293,45.577635803222655,1,0.0,,
6262,2023-12-11,46.606258392333984,509728000,47.91713447570801,45.640244522094726,1,0.0,,
6263,2023-12-12,47.63580322265625,372387000,47.86921997070313,45.69779762268067,1,0.0,,
6264,2023-12-13,48.06661224365234,447792000,47.79107322692871,45.78925354003906,1,0.0,,
6265,2023-12-14,48.328495025634766,391232000,47.76440029144287,45.87547248840332,1,0.0,,
6266,2023-12-15,48.86825180053711,479948000,47.73513050079346,45.95955360412598,1,0.0,,
6267,2023-12-18,50.054725646972656,412587000,47.77427959442139,46.04589561462402,1,0.0,,
6268,2023-12-19,49.58193206787109,464444000,47.734268760681154,46.13255661010742,1,0.0,,
6269,2023-12-20,48.08959579467773,397894000,47.64287891387939,46.17887649536133,1,0.0,,
6270,2023-12-21,48.96820831298828,300425000,47.65678691864014,46.22261932373047,1,0.0,,
6271,2023-12-22,48.80828094482422,252507000,47.70967330932617,46.260385055541995,1,0.0,,
6272,2023-12-26,49.25707626342773,244200000,47.761712074279785,46.33679100036621,1,0.0,,
6273,2023-12-27,49.39501953125,233648000,47.84168682098389,46.40328239440918,1,0.0,,
6274,2023-12-28,49.49997329711914,246587000,47.91096744537354,46.51499000549316,1,0.0,,
6275,2023-12-29,49.49997329711914,389293000,48.0487117767334,46.66151901245117,1,0.0,,
6276,2024-01-02,48.14657211303711,411254000,48.11903610229492,46.78287887573242,1,0.0,,
6277,2024-01-03,47.5478401184082,320896000,48.222140312194824,46.90653656005859,1,0.0,,
6278,2024-01-04,47.97665023803711,306535000,48.29370822906494,47.00702735900879,1,0.0,,
6279,2024-01-05,49.07516098022461,415039000,48.4733283996582,47.11573585510254,1,0.0,,
6280,2024-01-08,52.229759216308594,642510000,48.756052780151364,47.325196228027345,1,0.0,,
6281,2024-01-09,53.11636352539063,773100000,49.037627601623534,47.58143310546875,1,0.0,,
6282,2024-01-10,54.32582473754883,533796000,49.42360591888428,47.85838104248047,1,0.0,,
6283,2024-01-11,54.79761505126953,596759000,49.781696510314944,48.1315518951416,1,0.0,,
6284,2024-01-12,54.68566131591797,352994000,50.11264896392822,48.410099563598635,1,0.0,,
6285,2024-01-16,56.3569221496582,449580000,50.51407032012939,48.69118881225586,1,0.0,,
6286,2024-01-17,56.02806854248047,474394000,50.87206115722656,48.94209373474121,1,0.0,,
6287,2024-01-18,57.08160018920898,491650000,51.22340488433838,49.184105224609375,1,0.0,,
6288,2024-01-19,59.46453857421875,543501000,51.717535209655765,49.45886344909668,1,0.0,,
6289,2024-01-22,59.62746810913086,452955000,52.29442882537842,49.732802352905274,1,0.0,,
6290,2024-01-23,59.84637069702149,294654000,52.83833694458008,49.998745880126954,1,0.0,,
6291,2024-01-24,61.3347053527832,560271000,53.464658164978026,50.28694007873535,1,0.0,,
6292,2024-01-25,61.58959579467773,482777000,54.08128414154053,50.55254707336426,1,0.0,,
6293,2024-01-26,61.00385284423828,390309000,54.66172580718994,50.80074226379394,1,0.0,,
6294,2024-01-29,62.43721389770508,348733000,55.308587837219235,51.056895599365234,1,0.0,,
6295,2024-01-30,62.74607467651367,410735000,55.970892906188965,51.33457801818847,1,0.0,,
6296,2024-01-31,61.4996337890625,453795000,56.638545989990234,51.575497741699216,1,0.0,,
6297,2024-02-01,62.998966217041016,369146000,57.411102294921875,51.85004219055176,1,0.0,,
6298,2024-02-02,66.13057708740234,476578000,58.31879863739014,52.16501075744629,1,0.0,,
6299,2024-02-05,69.30116271972656,680078000,59.330098724365236,52.55268615722656,1,0.0,,
6300,2024-02-06,68.19265747070312,683111000,60.128243637084964,52.94273834228515,1,0.0,,
6301,2024-02-07,70.06781005859375,495575000,60.97581596374512,53.38908348083496,1,0.0,,
6302,2024-02-08,69.61001586914062,414422000,61.74002552032471,53.816957778930664,1,0.0,,
6303,2024-02-09,72.10092163085938,436637000,62.6051908493042,54.30306571960449,1,0.0,,
6304,2024-02-12,72.21586608886719,613710000,63.48170108795166,54.78509582519531,1,0.0,,
6305,2024-02-13,72.09591674804688,602580000,64.26865081787109,55.29211242675781,1,0.0,,
6306,2024-02-14,73.86713409423828,504917000,65.16060409545898,55.83465339660645,1,0.0,,
6307,2024-02-15,72.62567901611328,420122000,65.9378080368042,56.37745185852051,1,0.0,,
6308,2024-02-16,72.58069610595703,495327000,66.59361591339112,56.898159942626954,1,0.0,,
6309,2024-02-20,69.42110443115234,704833000,67.08329772949219,57.37692687988281,1,0.0,,
6310,2024-02-21,67.4419937133789,673755000,67.46307888031006,57.794261322021484,1,0.0,,
6311,2024-02-22,78.50306701660156,865100000,68.32149696350098,58.41462532043457,1,0.0,,
6312,2024-02-23,78.78194427490234,829388000,69.18111438751221,59.05813903808594,1,0.0,,
6313,2024-02-26,79.05682373046875,503973000,70.08376293182373,59.686559448242186,1,0.0,,
6314,2024-02-27,78.6659927368164,391705000,70.8952018737793,60.29854705810547,1,0.0,,
6315,2024-02-28,77.62845611572266,393110000,71.63932094573974,60.88454627990723,1,0.0,,
6316,2024-02-29,79.07681274414062,507289000,72.51817989349365,61.488717498779295,1,0.0,,
6317,2024-03-01,82.24239349365234,479135000,73.48035125732422,62.13247085571289,1,0.0,,
6318,2024-03-04,85.19908142089844,615616000,74.43377647399902,62.84481384277344,1,0.0,,
6319,2024-03-05,85.92979431152344,520639000,75.26520805358886,63.60161781311035,1,0.0,,
6320,2024-03-06,88.66470336914062,582520000,76.28881034851074,64.3955477142334,1,0.0,,
6321,2024-03-07,92.63211822509766,608119000,77.41702575683594,65.27202445983886,1,0.0,,
6322,2024-03-08,87.49317932128906,1142269000,78.31118392944336,66.03674652099609,1,0.0,,
6323,2024-03-11,85.73987579345703,678364000,78.99313163757324,66.76364364624024,1,0.0,,
6324,2024-03-12,91.87642669677734,668075000,79.97615966796874,67.6111727142334,1,0.0,,
6325,2024-03-13,90.85183715820312,635713000,80.91395568847656,68.43820999145508,1,0.0,,
6326,2024-03-14,87.90900421142578,602318000,81.61604919433594,69.23345863342286,1,0.0,,
6327,2024-03-15,87.80204010009766,642086000,82.37486724853515,70.03854263305664,1,0.0,,
6328,2024-03-18,88.4197998046875,668976000,83.16682243347168,70.84740562438965,1,0.0,,
6329,2024-03-19,89.36244201660156,672171000,84.16388931274415,71.65315124511719,1,0.0,,
6330,2024-03-20,90.33604431152344,479063000,85.30859184265137,72.41527694702148,1,0.0,,
6331,2024-03-21,91.39861297607422,480372000,85.953369140625,73.18092193603516,1,0.0,,
6332,2024-03-22,94.2514877319336,586719000,86.72684631347656,73.97943519592285,1,0.0,,
6333,2024-03-25,94.96419525146484,552136000,87.52221488952637,74.78276679992676,1,0.0,,
6334,2024-03-26,92.524169921875,513648000,88.21512374877929,75.5395369720459,1,0.0,,
6335,2024-03-27,90.21408081054688,586067000,88.8444049835205,76.21668014526367,1,0.0,,
6336,2024-03-28,90.3200454711914,435212000,89.40656661987305,76.9025196838379,1,0.0,,
6337,2024-04-01,90.32704162597656,452441000,89.81079902648926,77.56742851257324,1,0.0,,
6338,2024-04-02,89.4164047241211,433064000,90.02166519165038,78.16646583557129,1,0.0,,
6339,2024-04-03,88.92859649658203,370067000,90.17160530090332,78.75248840332031,1,0.0,,
6340,2024-04-04,85.87081146240234,434965000,90.0319107055664,79.27297721862793,1,0.0,,
6341,2024-04-05,87.97297668457031,399678000,89.79895362854003,79.80574264526368,1,0.0,,
6342,2024-04-08,87.09832763671875,283220000,89.77921104431152,80.3159172821045,1,0.0,,
6343,2024-04-09,85.32002258300781,501700000,89.75821838378906,80.80224067687988,1,0.0,,
6344,2024-04-10,87.00436401367188,431929000,89.51461524963379,81.29358367919922,1,0.0,,
6345,2024-04-11,90.5799331665039,431637000,89.50102005004882,81.85026084899903,1,0.0,,
6346,2024-04-12,88.15091705322266,426805000,89.51311569213867,82.38328651428223,1,0.0,,
6347,2024-04-15,85.9667739868164,443077000,89.42135238647461,82.84264266967773,1,0.0,,
6348,2024-04-16,87.3802261352539,370453000,89.36937370300294,83.26763565063476,1,0.0,,
6349,2024-04-17,84.00155639648438,495400000,89.10132942199706,83.56164352416992,1,0.0,,
6350,2024-04-18,84.6373062133789,447260000,88.81639251708984,83.89053649902344,1,0.0,,
6351,2024-04-19,76.16968536376953,875198000,88.05494613647461,84.01257400512695,1,0.0,,
6352,2024-04-22,79.48635864257812,596341000,87.31668968200684,84.2101008605957,1,0.0,,
6353,2024-04-23,82.39020538330078,438559000,86.68799018859863,84.41588653564453,1,0.0,,
6354,2024-04-24,79.64529418945312,512208000,86.04404640197754,84.56447509765626,1,0.0,,
6355,2024-04-25,82.59912109375,424641000,85.66329841613769,84.77453918457032,1,0.0,,
6356,2024-04-26,87.7000961303711,551011000,85.53230094909668,85.05119842529297,1,0.0,,
6357,2024-04-29,87.72207641601562,388971000,85.40205268859863,85.35312637329102,1,0.0,,
6358,2024-04-30,86.36762237548828,363709000,85.24961357116699,85.62886489868164,0,-1.0,,85.24961357116699
6359,2024-05-01,83.00794982910156,559863000,84.95358123779297,85.90060180664062,0,0.0,,
6360,2024-05-02,85.78285217285156,377898000,84.94918327331543,86.26741897583008,0,0.0,,
6361,2024-05-03,88.75366973876953,398341000,84.98821792602538,86.47243103027344,0,0.0,,
6362,2024-05-06,92.10334014892578,376203000,85.23846855163575,86.73885894775391,0,0.0,,
6363,2024-05-07,90.5179672241211,437342000,85.49836578369141,86.96808181762695,0,0.0,,
6364,2024-05-08,90.37602996826172,325721000,85.6669490814209,87.20228256225586,0,0.0,,
6365,2024-05-09,88.7116928100586,378013000,85.57353706359864,87.42394729614257,0,0.0,,
6366,2024-05-10,89.84223175048828,335325000,85.65810279846191,87.63925567626953,0,0.0,,
6367,2024-05-13,90.363037109375,289680000,85.87791595458984,87.80166854858399,0,0.0,,
6368,2024-05-14,91.31964874267578,296507000,86.07488708496093,87.92407989501953,0,0.0,,
6369,2024-05-15,94.59233856201172,417735000,86.6044261932373,88.0973307800293,0,0.0,,
6370,2024-05-16,94.32144927978516,323952000,87.08863334655761,88.21046569824219,0,0.0,,
6371,2024-05-17,92.44219207763672,359691000,87.90225868225097,88.20666717529296,0,0.0,,
6372,2024-05-20,94.74229431152344,318764000,88.66505546569825,88.35164947509766,1,1.0,88.66505546569825,
6373,2024-05-21,95.34805297851562,328946000,89.31294784545898,88.54381301879883,1,0.0,,
6374,2024-05-22,94.91222381591795,548648000,90.07629432678223,88.60452896118164,1,0.0,,
6375,2024-05-23,103.75769805908205,835065000,91.13422317504883,88.86264617919922,1,0.0,,
6376,2024-05-24,106.42664337158205,429494000,92.07055053710937,89.23299896240235,1,0.0,,
6377,2024-05-28,113.85567474365234,652728000,93.37723045349121,89.75407165527344,1,0.0,,
6378,2024-05-29,114.77930450439452,557442000,94.79781455993653,90.28126174926757,1,0.0,,
6379,2024-05-30,110.45602416992188,484553000,96.17021827697754,90.70313339233398,1,0.0,,
6380,2024-05-31,109.5893783569336,613263000,97.36054458618165,91.08820007324219,1,0.0,,
6381,2024-06-03,114.95423889160156,438392000,98.67057304382324,91.55931259155274,1,0.0,,
6382,2024-06-04,116.39066314697266,403324000,99.88493919372559,92.00209609985352,1,0.0,,
6383,2024-06-05,122.39128112792967,528402000,101.47860488891601,92.5506378173828,1,0.0,,
6384,2024-06-06,120.9498519897461,664696000,103.00729598999024,93.11915145874023,1,0.0,,
6385,2024-06-07,120.83989715576172,412386000,104.61370620727538,93.73166778564453,1,0.0,,
6386,2024-06-10,121.74153900146484,313434100,106.20867156982422,94.36009765625,1,0.0,,
6387,2024-06-11,120.871826171875,222551200,107.73411102294922,94.97099334716796,1,0.0,,
6388,2024-06-12,125.16045379638672,299595000,109.42615127563477,95.68587432861328,1,0.0,,
6389,2024-06-13,129.56907653808594,260704500,111.17498817443848,96.49868392944336,1,0.0,,
6390,2024-06-14,131.83834838867188,309320400,113.05083312988282,97.41803466796875,1,0.0,,
6391,2024-06-17,130.9386444091797,288504400,114.97565574645996,98.27734802246094,1,0.0,,
6392,2024-06-18,135.5371856689453,294335100,117.01540031433106,99.24612518310546,1,0.0,,
6393,2024-06-20,130.7386932373047,517768400,118.78493232727051,100.1544985961914,1,0.0,,
6394,2024-06-21,126.530029296875,649445800,120.36582260131836,100.94501190185547,1,0.0,,
6395,2024-06-24,118.07270050048828,476060900,121.08157272338867,101.49486724853516,1,0.0,,
6396,2024-06-25,126.05017852783205,414192600,122.06274948120117,102.25285247802735,1,0.0,,
6397,2024-06-26,126.3600845336914,362975900,122.68796997070312,103.06071868896484,1,0.0,,
6398,2024-06-27,123.95084381103516,252571700,123.14654693603515,103.79213104248046,1,0.0,,
6399,2024-06-28,123.50098419189452,315516700,123.79879493713379,104.58211959838867,1,0.0,,
6400,2024-07-01,124.26074981689452,284885500,124.53236351013183,105.37458847045899,1,0.0,,
6401,2024-07-02,122.63126373291016,218374000,124.91621475219726,106.3038200378418,1,0.0,,
6402,2024-07-03,128.23948669433594,215749000,125.50865592956544,107.27888259887695,1,0.0,,
6403,2024-07-05,125.7902603149414,214176700,125.67860488891601,108.14688369750976,1,0.0,,
6404,2024-07-08,128.1595001220703,237677300,126.03908729553223,109.11716781616211,1,0.0,,
6405,2024-07-09,131.33851623535156,285366600,126.56401824951172,110.09195571899414,1,0.0,,
6406,2024-07-10,134.86740112304688,248978600,127.22031135559082,111.03530181884766,1,0.0,,
6407,2024-07-11,127.35977172851562,374782700,127.54470863342286,111.82805572509766,1,0.0,,
6408,2024-07-12,129.19918823242188,252680500,127.74664535522462,112.68468704223633,1,0.0,,
6409,2024-07-15,128.39944458007812,208326200,127.68816375732422,113.59251693725587,1,0.0,,
6410,2024-07-16,126.3200912475586,214769500,127.41225090026856,114.40326171875,1,0.0,,
6411,2024-07-17,117.95272827148438,390086200,126.7629550933838,114.9872428894043,1,0.0,,
6412,2024-07-18,121.0517578125,320979500,126.03868370056152,115.56621124267578,1,0.0,,
6413,2024-07-19,117.89276123046876,217223800,125.39638710021973,116.11370712280274,1,0.0,,
6414,2024-07-22,123.50098419189452,258068900,125.2449348449707,116.7762062072754,1,0.0,,
6415,2024-07-23,122.55128479003906,173911000,125.46886405944824,117.452998046875,1,0.0,,
6416,2024-07-24,114.2139129638672,327776900,124.87705078125,117.94043167114258,1,0.0,,
6417,2024-07-25,112.24453735351562,460067000,124.17127342224121,118.3780616760254,1,0.0,,
6418,2024-07-26,113.0242919921875,293399100,123.62494583129883,118.81215454101563,1,0.0,,
6419,2024-07-29,111.55475616455078,248152100,123.02763442993164,119.1514028930664,1,0.0,,
6420,2024-07-30,103.6972427368164,486833300,121.99945907592773,119.33891876220703,1,0.0,,
6421,2024-07-31,116.98303985595705,473174200,121.71704788208008,119.82973571777343,1,0.0,,
6422,2024-08-01,109.1755142211914,523462300,120.76384925842285,120.1184001159668,1,0.0,,
6423,2024-08-02,107.23611450195312,482027500,119.83614196777344,120.35616134643554,0,-1.0,,119.83614196777344
6424,2024-08-05,100.41827392578124,552842400,118.44908065795899,120.46628234863282,0,0.0,,
6425,2024-08-06,104.21707153320312,409012100,117.09300842285157,120.47546981811523,0,0.0,,
6426,2024-08-07,98.87876892089844,411440400,115.29357681274413,120.32451232910157,0,0.0,,
6427,2024-08-08,104.93685150146484,391910000,114.1724308013916,120.14613586425781,0,0.0,,
6428,2024-08-09,104.71692657470705,290844200,112.94831771850586,119.94488830566407,0,0.0,,
6429,2024-08-12,108.98556518554688,325559900,111.9776237487793,119.91547912597656,0,0.0,,
6430,2024-08-13,116.1033172607422,312646700,111.46678504943847,120.04575790405273,0,0.0,,
6431,2024-08-14,118.04270935058594,339246400,111.47128410339356,120.10752731323242,0,0.0,,
6432,2024-08-15,122.82119750976562,318086700,111.55975608825683,120.23613800048828,0,0.0,,
6433,2024-08-16,124.54065704345705,302589900,111.89215087890625,120.27912551879882,0,0.0,,
6434,2024-08-19,129.9589385986328,318333600,112.21504859924316,120.45930725097656,0,0.0,,
6435,2024-08-20,127.2098159790039,300087400,112.4479751586914,120.5867056274414,0,0.0,,
6436,2024-08-21,128.4594268798828,257883600,113.16025085449219,120.72106338500977,0,0.0,,
6437,2024-08-22,123.70092010498048,376189100,113.73306999206542,120.77764526367187,0,0.0,,
6438,2024-08-23,129.32913208007812,323230300,114.54831199645996,120.86101882934571,0,0.0,,
6439,2024-08-26,126.42005920410156,331964700,115.2915771484375,120.79803848266602,0,0.0,,
6440,2024-08-27,128.25949096679688,303134600,116.51968955993652,120.72646133422852,0,0.0,,
6441,2024-08-28,125.5703353881836,448101100,116.94905433654785,120.61909515380859,0,0.0,,
6442,2024-08-29,117.55286407470705,453023300,117.36792182922363,120.25940872192383,0,0.0,,
6443,2024-08-30,119.33230590820312,333751600,117.97273139953613,120.0312809753418,0,0.0,,
6444,2024-09-03,107.96588897705078,477155100,118.35011215209961,119.65999816894531,0,0.0,,
6445,2024-09-04,106.17645263671876,372470300,118.4480812072754,119.42207321166993,0,0.0,,
6446,2024-09-05,107.17613983154295,306850700,118.86294975280762,119.04459243774414,0,0.0,,
6447,2024-09-06,102.79752349853516,413638100,118.75598335266113,118.57334121704102,1,1.0,118.75598335266113,
6448,2024-09-09,106.43637084960938,273912000,118.84195556640626,118.2230517578125,1,0.0,,
6449,2024-09-10,108.06585693359376,268283700,118.7959701538086,117.91434921264648,1,0.0,,
6450,2024-09-11,116.87307739257812,441422400,118.83445816040039,117.76659576416016,1,0.0,,
6451,2024-09-12,119.11256408691406,366052700,118.8879508972168,117.69622177124023,1,0.0,,
6452,2024-09-13,119.07256317138672,238358300,118.70051918029785,117.51288330078125,1,0.0,,
6453,2024-09-16,116.75309753417967,248772300,118.31114120483399,117.33214004516601,1,0.0,,
6454,2024-09-17,115.5633773803711,231925900,117.5913631439209,117.08021759033203,1,0.0,,
6455,2024-09-18,113.3438949584961,310318900,116.8980670928955,116.72032516479493,1,0.0,,
6456,2024-09-19,117.84284973144533,293506400,116.36723823547364,116.37983413696288,0,-1.0,,116.36723823547364
6457,2024-09-20,115.97328186035156,382462400,115.9808563232422,116.1521043395996,0,0.0,,
6458,2024-09-23,116.23323059082033,206228500,115.3260612487793,115.89278518676758,0,0.0,,
6459,2024-09-24,120.8421630859375,354966800,115.04716644287109,115.74163955688476,0,0.0,,
6460,2024-09-25,123.48155975341795,284692900,114.80826988220215,115.68486892700196,0,0.0,,
6461,2024-09-26,124.01143646240234,302582900,114.73032493591309,115.80604309082031,0,0.0,,
6462,2024-09-27,121.3720474243164,271009200,114.92128410339356,115.81244888305665,0,0.0,,
6463,2024-09-30,121.41203308105467,226553700,115.02527046203613,115.88283432006835,0,0.0,,
6464,2024-10-01,116.97305297851562,302094500,115.47562866210937,115.75227569580078,0,0.0,,
6465,2024-10-02,118.82262420654295,221845900,116.10793724060059,115.67770248413086,1,1.0,116.10793724060059,
6466,2024-10-03,122.82170867919922,277118000,116.8902156829834,115.8498583984375,1,0.0,,
6467,2024-10-04,124.89122772216795,243678100,117.99490089416504,116.10279220581054,1,0.0,,
6468,2024-10-07,127.69059753417967,346250200,119.05761222839355,116.39611831665039,1,0.0,,
6469,2024-10-08,132.85939025878906,285722500,120.29728889465332,116.82221099853516,1,0.0,,
6470,2024-10-09,132.61944580078125,246191600,121.08460731506348,117.40065505981445,1,0.0,,
6471,2024-10-10,134.77896118164062,242311300,121.8679271697998,117.75657348632812,1,0.0,,
6472,2024-10-11,134.7689666748047,170209500,122.6527473449707,118.2684425354004,1,0.0,,
6473,2024-10-14,138.03822326660156,232347700,123.7170036315918,118.88448471069336,1,0.0,,
6474,2024-10-15,131.5697021484375,377831000,124.51731986999512,119.50751327514648,1,0.0,,
6475,2024-10-16,135.68873596191406,264879700,125.63456192016602,120.1369465637207,1,0.0,,
6476,2024-10-17,136.89846801757812,306435900,126.58734283447265,120.8973405456543,1,0.0,,
6477,2024-10-18,137.9682159423828,176090200,127.68708953857421,121.55796783447266,1,0.0,,
6478,2024-10-21,143.67691040039062,264554500,129.05927352905275,122.33716751098633,1,0.0,,
6479,2024-10-22,143.55694580078125,226311600,130.19501266479492,123.02859512329101,1,0.0,,
6480,2024-10-23,139.52786254882812,285930000,130.99732780456543,123.49708602905274,1,0.0,,
6481,2024-10-24,140.37767028808594,172354900,131.8156394958496,123.94378524780274,1,0.0,,
6482,2024-10-25,141.5074005126953,205122100,132.82240715026856,124.31750930786133,1,0.0,,
6483,2024-10-28,140.48764038085938,173586700,133.77618751525878,124.63644897460938,1,0.0,,
6484,2024-10-29,141.21746826171875,157593600,134.98840827941893,124.86161956787109,1,0.0,,
6485,2024-10-30,139.3079071044922,179418100,136.0126724243164,125.10358139038085,1,0.0,,
6486,2024-10-31,132.72943115234375,270039600,136.50805854797363,125.18898147583008,1,0.0,,
6487,2024-11-01,135.3688201904297,207127800,137.0319381713867,125.42233947753907,1,0.0,,
6488,2024-11-04,136.0186767578125,187528200,137.44834213256837,125.55613037109374,1,0.0,,
6489,2024-11-05,139.87777709960938,160537400,137.79926147460938,125.82528472900391,1,0.0,,
6490,2024-11-06,145.57644653320312,242043900,138.44711151123047,126.17162384033203,1,0.0,,
6491,2024-11-07,148.84573364257812,207323300,139.15045013427735,126.63713180541993,1,0.0,,
6492,2024-11-08,147.5959930419922,175665800,139.79180145263672,127.23799438476563,1,0.0,,
6493,2024-11-11,145.22654724121094,182325600,140.15121765136718,127.75587921142578,1,0.0,,
6494,2024-11-12,148.25582885742188,198634700,140.98552398681642,128.56167800903322,1,0.0,,
6495,2024-11-13,146.23631286621094,191903300,141.51290283203124,129.36287521362306,1,0.0,,
6496,2024-11-14,146.7261962890625,194463300,142.00428924560546,130.15387634277343,1,0.0,,
6497,2024-11-15,141.94729614257812,250132900,142.20324325561523,130.9368717956543,1,0.0,,
6498,2024-11-18,140.11770629882812,221205300,142.0252830505371,131.61049850463868,1,0.0,,
6499,2024-11-19,146.97613525390625,227834900,142.19624252319335,132.3887040710449,1,0.0,,
6500,2024-11-20,145.8563995361328,309871700,142.5126693725586,132.96837051391603,1,0.0,,
6501,2024-11-21,146.63623046875,400946600,142.8255973815918,133.51884384155272,1,0.0,,
6502,2024-11-22,141.9173126220703,236406200,142.84609298706056,133.9757388305664,1,0.0,,
6503,2024-11-25,135.98867797851562,344941900,142.62114486694335,134.36045043945313,1,0.0,,
6504,2024-11-26,136.8884735107422,190287700,142.40469512939453,134.78695236206056,1,0.0,,
6505,2024-11-27,135.30882263183594,226370900,142.20474090576172,135.22625091552734,1,0.0,,
6506,2024-11-29,138.21817016601562,141863200,142.47917785644532,135.63375732421875,1,0.0,,
6507,2024-12-02,138.59808349609375,171682800,142.64064102172853,136.08625335693358,1,0.0,,
6508,2024-12-03,140.2277069091797,164414000,142.85109252929686,136.56614288330078,1,0.0,,
6509,2024-12-04,145.10658264160156,231224300,143.11253280639647,137.05143127441406,1,0.0,,
6510,2024-12-05,145.03659057617188,172621200,143.0855400085449,137.48253189086915,1,0.0,,
6511,2024-12-06,142.41702270507812,188505600,142.76410446166992,137.85064361572265,1,0.0,,
6512,2024-12-09,138.78758239746094,189308600,142.32368392944335,138.19895431518555,1,0.0,,
6513,2024-12-10,135.04820251464844,210020900,141.81476669311525,138.4716777038574,1,0.0,,
6514,2024-12-11,139.28750610351562,184905200,141.36635055541993,138.9179667663574,1,0.0,,
6515,2024-12-12,137.3178253173828,159211400,140.92042617797853,139.28787078857422,1,0.0,,
6516,2024-12-13,134.22833251953125,231514900,140.29553298950196,139.51600326538085,1,0.0,,
6517,2024-12-16,131.9786834716797,237951100,139.79710235595704,139.6577523803711,1,0.0,,
6518,2024-12-17,130.36895751953125,259410300,139.30966491699218,139.7113195800781,0,-1.0,,139.30966491699218
6519,2024-12-18,128.88919067382812,277444500,138.4053176879883,139.63191558837892,0,0.0,,
6520,2024-12-19,130.6588897705078,209719200,137.64544219970702,139.59270446777344,0,0.0,,
6521,2024-12-20,134.67825317382812,306528600,137.04754333496095,139.5906903076172,0,0.0,,
6522,2024-12-23,139.64744567871094,176053500,136.93404998779297,139.68825988769532,0,0.0,,
6523,2024-12-24,140.19737243652344,105157000,137.14448471069335,139.73144287109375,0,0.0,,
6524,2024-12-26,139.90740966796875,116205600,137.2954315185547,139.89819702148438,0,0.0,,
6525,2024-12-27,136.9878692626953,170582600,137.37938385009767,139.9241796875,0,0.0,,
6526,2024-12-30,137.46780395507812,167734700,137.34186553955078,139.93556640625,0,0.0,,
6527,2024-12-31,134.26832580566406,155659200,137.1253776550293,139.86156860351562,0,0.0,,
6528,2025-01-02,138.2876739501953,198247200,137.02837600708008,139.75378387451173,0,0.0,,
6529,2025-01-03,144.44668579101562,229322500,136.9953811645508,139.7715786743164,0,0.0,,
6530,2025-01-06,149.40586853027344,265377400,137.21384506225587,139.96913879394532,0,0.0,,
6531,2025-01-07,140.11737060546875,351782200,137.0988624572754,139.96393280029298,0,0.0,,
6532,2025-01-08,140.08738708496094,227349900,137.1638526916504,139.9355325317383,0,0.0,,
6533,2025-01-10,135.88807678222656,207602500,137.2058464050293,139.84354125976563,0,0.0,,
6534,2025-01-13,133.20849609375,204808900,136.90189590454102,139.68336181640626,0,0.0,,
6535,2025-01-14,131.7387237548828,195590500,136.62294082641603,139.53197814941407,0,0.0,,
6536,2025-01-15,136.218017578125,185217300,136.7224250793457,139.60174987792968,0,0.0,,
6537,2025-01-16,133.54844665527344,209235600,136.8009132385254,139.56534240722655,0,0.0,,
6538,2025-01-17,137.68777465820312,201188800,137.16685409545897,139.59872436523438,0,0.0,,
6539,2025-01-21,140.80726623535156,197749000,137.76275787353515,139.61731414794923,0,0.0,,
6540,2025-01-22,147.04627990722656,237651400,138.5821273803711,139.64671081542969,0,0.0,,
6541,2025-01-23,147.1962432861328,155915500,139.20802688598633,139.6137210083008,0,0.0,,
6542,2025-01-24,142.5969696044922,234657600,139.3555030822754,139.51374053955078,0,0.0,,
6543,2025-01-27,118.40088653564452,818830900,138.26567878723145,138.97722732543946,0,0.0,,
6544,2025-01-28,128.9691925048828,579666400,137.71876792907716,138.59149459838866,0,0.0,,
6545,2025-01-29,123.6800308227539,467120600,137.0533760070801,138.14036895751954,0,0.0,,
6546,2025-01-30,124.62987518310548,392925500,136.41147956848144,137.6984425354004,0,0.0,,
6547,2025-01-31,120.05062103271484,388161100,135.700594329834,137.26050903320314,0,0.0,,
6548,2025-02-03,116.64117431640624,371235700,134.61826934814454,136.7909783935547,0,0.0,,
6549,2025-02-04,118.63085174560548,256550000,133.327477645874,136.22407272338867,0,0.0,,
6550,2025-02-05,124.80985260009766,262230800,132.09767684936523,135.80314178466796,0,0.0,,
6551,2025-02-06,128.65921020507812,251483600,131.5247688293457,135.44360137939452,0,0.0,,
6552,2025-02-07,129.81903076171875,228186300,131.0113510131836,135.2016357421875,0,0.0,,
6553,2025-02-10,133.54844665527344,216989100,130.89436950683594,135.15283111572265,0,0.0,,
6554,2025-02-11,132.77857971191406,178902400,130.87287368774415,135.0706332397461,0,0.0,,
6555,2025-02-12,131.11883544921875,160278600,130.84187927246094,134.98683349609374,0,0.0,,
6556,2025-02-13,135.26815795898438,197430000,130.7943862915039,134.92783325195313,0,0.0,,
6557,2025-02-14,138.8275909423828,195479600,131.05834350585937,134.93242340087892,0,0.0,,
6558,2025-02-18,139.37750244140625,219176600,131.14282989501953,134.91541931152344,0,0.0,,
6559,2025-02-19,139.20751953125,167536000,131.06284255981444,134.7974380493164,0,0.0,,
6560,2025-02-20,140.08738708496094,143903600,130.71489791870118,134.6984539794922,0,0.0,,
6561,2025-02-21,134.40829467773438,228217600,130.07550048828125,134.5382794189453,0,0.0,,
6562,2025-02-24,130.25897216796875,251381100,129.45860061645507,134.36770721435548,0,0.0,,
6563,2025-02-25,126.60955810546876,271428700,129.8690341949463,134.19893432617187,0,0.0,,
6564,2025-02-26,131.25881958007812,322553800,129.98351554870607,134.03836059570312,0,0.0,,
6565,2025-02-27,120.13060760498048,443175800,129.8060443878174,133.69461624145507,0,0.0,,
6566,2025-02-28,124.89983367919922,389091100,129.81954231262208,133.50804626464844,0,0.0,,
6567,2025-03-03,114.04158782958984,411381400,129.51909065246582,133.14930435180665,0,0.0,,
6568,2025-03-04,115.97127532958984,398163300,129.485595703125,132.86135070800782,0,0.0,,
6569,2025-03-05,117.28106689453124,284337900,129.4181064605713,132.62918823242188,0,0.0,,
6570,2025-03-06,110.55215454101562,321181900,128.7052215576172,132.22705352783203,0,0.0,,
6571,2025-03-07,112.67181396484376,341755500,127.90585174560547,131.78692474365235,0,0.0,,
6572,2025-03-10,106.96273040771484,366487400,126.76303672790527,131.13323043823243,0,0.0,,
6573,2025-03-11,108.74244689941406,354865700,125.52273674011231,130.50413192749022,0,0.0,,
6574,2025-03-12,115.73196411132812,323857500,124.670405960083,130.02062301635743,0,0.0,,
6575,2025-03-13,115.5719757080078,299033100,123.89306297302247,129.59230514526368,0,0.0,,
6576,2025-03-14,121.66155242919922,277593500,123.21273269653321,129.2761801147461,0,0.0,,
6577,2025-03-17,119.52169799804688,255501500,122.2474380493164,128.98124755859374,0,0.0,,
6578,2025-03-18,115.42198181152344,299686900,121.04966201782227,128.5239337158203,0,0.0,,
6579,2025-03-19,117.51183319091795,273426200,119.96487770080566,127.98523666381836,0,0.0,,
6580,2025-03-20,118.52176666259766,248829700,118.8865966796875,127.36755462646484,0,0.0,,
6581,2025-03-21,117.69182586669922,266498500,118.05077323913574,126.91904373168946,0,0.0,,
6582,2025-03-24,121.40157318115234,228452500,117.60790328979492,126.54532745361328,0,0.0,,
6583,2025-03-25,120.68162536621094,167447200,117.31150665283204,126.24119842529296,0,0.0,,
6584,2025-03-26,113.75210571289062,293463300,116.43617095947266,125.85207061767578,0,0.0,,
6585,2025-03-27,111.4222640991211,236902100,116.0007537841797,125.44574142456055,0,0.0,,
6586,2025-03-28,109.66238403320312,229872500,115.23888130187989,124.91462875366211,0,0.0,,
6587,2025-03-31,108.37247467041016,299212700,114.9554256439209,124.41110931396484,0,0.0,,
6588,2025-04-01,110.14234924316406,222614000,114.6639793395996,123.86020080566406,0,0.0,,
6589,2025-04-02,110.4123306274414,220601200,114.32054252624512,123.25230209350586,0,0.0,,
6590,2025-04-03,101.79293060302734,338769400,113.8825813293457,122.34723510742188,0,0.0,,
6591,2025-04-04,94.30345153808594,532273800,112.96416320800782,121.28937927246093,0,0.0,,
6592,2025-04-07,97.63321685791016,611041300,112.49768753051758,120.3901042175293,0,0.0,,
6593,2025-04-08,96.29331970214844,476243400,111.8752311706543,119.94795288085938,0,0.0,,
6594,2025-04-09,114.32205963134766,612918300,111.80473594665527,119.65501022338867,0,0.0,,
6595,2025-04-10,107.56253051757812,437812400,111.40426368713379,119.33266021728515,0,0.0,,
6596,2025-04-11,110.92229461669922,313417300,110.86730079650879,119.05850860595703,0,0.0,,
6597,2025-04-14,110.70230865478516,264705000,110.4263313293457,118.87154235839844,0,0.0,,
6598,2025-04-15,112.19220733642578,228966900,110.26484260559081,118.78256301879883,0,0.0,,
6599,2025-04-16,104.48274230957033,397016900,109.61338806152344,118.49960083007812,0,0.0,,
6600,2025-04-17,101.48294830322266,292517500,108.76144714355469,118.03306274414062,0,0.0,,
6601,2025-04-21,96.9032745361328,288501100,107.72201957702637,117.39794403076172,0,0.0,,
6602,2025-04-22,98.88313293457033,241004800,106.59609756469726,116.77922607421876,0,0.0,,
6603,2025-04-23,102.70286560058594,247526000,105.69715957641601,116.162314453125,0,0.0,,
6604,2025-04-24,106.422607421875,220815000,105.33068466186523,115.63519500732421,0,0.0,,
6605,2025-04-25,111.0022964477539,251064700,105.30968627929687,115.23286422729493,0,0.0,,
6606,2025-04-28,108.72245025634766,207708500,105.2626895904541,114.70195007324219,0,0.0,,
6607,2025-04-29,109.0124282836914,170444300,105.29468727111816,114.10564682006836,0,0.0,,
6608,2025-04-30,108.91243743896484,235044600,105.2331916809082,113.49634552001953,0,0.0,,
6609,2025-05-01,111.6022491455078,236121500,105.29268760681153,112.94424011230468,0,0.0,,
6610,2025-05-02,114.49205017089844,190194800,105.92764358520508,112.43233337402344,0,0.0,,
6611,2025-05-05,113.81209564208984,133163200,106.90307579040527,112.02040939331054,0,0.0,,
6612,2025-05-06,113.53211975097656,158525600,107.6980209350586,111.6858723449707,0,0.0,,
6613,2025-05-07,117.05187225341795,206758800,108.73594856262207,111.49471862792969,0,0.0,,
6614,2025-05-08,117.36185455322266,198428100,108.88793830871582,111.21677932739257,0,0.0,,
6615,2025-05-09,116.64189910888672,132972200,109.34190673828125,111.1470051574707,0,0.0,,
6616,2025-05-12,122.99146270751952,225023300,109.94536514282227,111.10883773803711,0,0.0,,
6617,2025-05-13,129.9209747314453,330430100,110.90629844665527,111.42642547607421,0,0.0,,
6618,2025-05-14,135.33059692382812,281180800,112.06321792602539,111.81361190795899,1,1.0,112.06321792602539,
6619,2025-05-15,134.8206329345703,226632600,113.58011245727539,112.16440322875977,1,0.0,,
6620,2025-05-16,135.39059448242188,226542500,115.27549476623535,112.6611720275879,1,0.0,,
6621,2025-05-19,135.5605926513672,193154600,117.20836067199707,113.11894760131835,1,0.0,,
6622,2025-05-20,134.37066650390625,161514200,118.98273735046386,113.6671063232422,1,0.0,,
6623,2025-05-21,131.7908477783203,270608700,120.43713645935058,114.12807434082032,1,0.0,,
6624,2025-05-22,132.82078552246094,187344000,121.75704536437988,114.46985076904296,1,0.0,,
6625,2025-05-23,131.2808837890625,198821300,122.7709747314453,114.78402893066406,1,0.0,,
6626,2025-05-27,135.49058532714844,192953600,124.10938148498535,115.06060958862305,1,0.0,,
6627,2025-05-28,134.80064392089844,304021100,125.3987922668457,115.36618850708008,1,0.0,,
6628,2025-05-29,139.1803436279297,369241900,126.91218757629395,115.8413557434082,1,0.0,,
6629,2025-05-30,135.12062072753906,333170900,128.0881061553955,116.19353149414063,1,0.0,,
6630,2025-06-02,137.37046813964844,197663100,129.232027053833,116.57050552368165,1,0.0,,
6631,2025-06-03,141.21018981933594,225578800,130.6019317626953,117.04087280273437,1,0.0,,
6632,2025-06-04,141.91014099121094,167120800,132.02083282470704,117.45104415893555,1,0.0,,
6633,2025-06-05,139.98028564453125,231397900,133.1672534942627,117.83701736450195,1,0.0,,
6634,2025-06-06,141.7101593017578,153986200,134.38466873168946,118.3961784362793,1,0.0,,
6635,2025-06-09,142.62010192871094,185114500,135.68357887268067,119.0201351928711,1,0.0,,
6636,2025-06-10,143.95001220703125,155881900,136.73150634765625,119.70588775634765,1,0.0,,
6637,2025-06-11,142.8300018310547,167694000,137.37695770263673,120.39503829956055,1,0.0,,
6638,2025-06-12,145.0,162365000,137.8604278564453,121.09219131469726,1,0.0,,
6639,2025-06-13,141.97000122070312,180820600,138.21789627075196,121.7233447265625,1,0.0,,
6640,2025-06-16,144.69000244140625,183133700,138.68286666870117,122.58128616333008,1,0.0,,
6641,2025-06-17,144.1199951171875,139108000,139.1108367919922,123.57761703491211,1,0.0,,
6642,2025-06-18,145.47999572753906,161494100,139.66630325317382,124.5345526123047,1,0.0,,
6643,2025-06-20,143.85000610351562,242956200,140.2692611694336,125.48568634033204,1,0.0,,
6644,2025-06-23,144.1699981689453,154308900,140.83672180175782,126.08264511108399,1,0.0,,
6645,2025-06-24,147.89999389648438,187566100,141.6676773071289,126.8893943786621,1,0.0,,
6646,2025-06-25,154.30999755859375,269146500,142.60864791870117,127.7571484375,1,0.0,,
6647,2025-06-26,155.02000427246094,198145700,143.6196159362793,128.64350234985352,1,0.0,,
6648,2025-06-27,157.75,263234500,144.5480987548828,129.554658203125,1,0.0,,
6649,2025-06-30,157.99000549316406,194580300,145.69156799316406,130.62480346679686,1,0.0,,
6650,2025-07-01,153.3000030517578,213143600,146.48804473876953,131.66114456176757,1,0.0,,
6651,2025-07-02,157.25,171224100,147.29003524780273,132.86807907104492,1,0.0,,
6652,2025-07-03,159.33999633789062,143716100,148.16152801513672,134.07721633911132,1,0.0,,
6653,2025-07-07,158.24000549316406,140139000,149.07451400756835,135.1879591369629,1,0.0,,
6654,2025-07-08,160.0,138133000,149.98900604248047,136.2595069885254,1,0.0,,
6655,2025-07-09,162.8800048828125,183656400,151.00200119018555,137.29706115722655,1,0.0,,
6656,2025-07-10,164.10000610351562,167704100,152.00950088500977,138.40461227416992,1,0.0,,
6657,2025-07-11,164.9199981689453,193633300,153.1140007019043,139.522763671875,1,0.0,,
6658,2025-07-14,164.07000732421875,136975800,154.06750106811523,140.6259150695801,1,0.0,,
6659,2025-07-15,170.6999969482422,230627400,155.50400085449218,141.80787002563477,1,0.0,,
6660,2025-07-16,171.3699951171875,158831500,156.83800048828124,142.94542892456056,1,0.0,,
6661,2025-07-17,173.0,160841100,158.28200073242186,144.12918701171876,1,0.0,,
6662,2025-07-18,172.41000366210938,146456400,159.62850112915038,145.3067446899414,1,0.0,,
6663,2025-07-21,171.3800048828125,123126100,161.00500106811523,146.39330734252928,1,0.0,,
6664,2025-07-22,167.02999877929688,193114300,162.14800109863282,147.3866702270508,1,0.0,,
6665,2025-07-23,170.77999877929688,154082200,163.29200134277343,148.469432220459,1,0.0,,
6666,2025-07-24,173.74000549316406,128984600,164.26350173950195,149.48440307617187,1,0.0,,
6667,2025-07-25,173.5,122316800,165.1875015258789,150.35598358154297,1,0.0,,
6668,2025-07-28,176.75,140023500,166.13750152587892,151.1843716430664,1,0.0,,
6669,2025-07-29,175.50999450683594,154077500,167.0135009765625,151.99815887451172,1,0.0,,
6670,2025-07-30,179.27000427246094,174312200,168.31200103759767,152.8757470703125,1,0.0,,
6671,2025-07-31,177.8699951171875,221685400,169.34300079345704,153.7219351196289,1,0.0,,
6672,2025-08-01,173.72000122070312,204529000,170.06200103759767,154.50892181396483,1,0.0,,
6673,2025-08-04,180.0,148174600,171.15000076293944,155.47310485839844,1,0.0,,
6674,2025-08-05,178.25999450683594,156407600,172.06300048828126,156.38188903808594,1,0.0,,
6675,2025-08-06,179.4199981689453,137192300,172.8900001525879,157.3446713256836,1,0.0,,
6676,2025-08-07,180.7700042724609,151878400,173.72350006103517,158.25025970458984,1,0.0,,
6677,2025-08-08,182.6999969482422,122765700,174.6125,159.20824676513672,1,0.0,,
6678,2025-08-11,182.05999755859372,137802961,175.51199951171876,160.06583984375,1,0.0,,
